2025-10-18 23:01:56,BTC,106974.990000,0.50,0.50,-0.50,⚖️ Trung tính,⚖️ Trung tính,⚖️ Trung tính,Tín hiệu trái chiều, | 284ms
2025-10-18 23:01:58,ETH,3878.560000,0.70,-0.30,-0.50,⚖️ Trung tính,⚖️ Trung tính,⚖️ Trung tính,Tín hiệu trái chiều, | 283ms
2025-10-18 23:02:00,LTC,91.150000,1.50,0.50,-0.50,⚠️ Cảnh báo sớm: có dấu hiệu đảo chiều,⚖️ Trung tính,⚖️ Trung tính,Tín hiệu trái chiều, | 283ms
2025-10-18 23:02:02,LINEA,0.017990,-1.50,-1.50,-0.50,⚠️ Cảnh báo sớm: có dấu hiệu đảo chiều,⚠️ Cảnh báo sớm: có dấu hiệu đảo chiều,⚖️ Trung tính,Tín hiệu trái chiều, | 284ms
2025-10-18 23:02:04,SOL,185.150000,-0.50,0.50,-0.50,⚖️ Trung tính,⚖️ Trung tính,⚖️ Trung tính,Tín hiệu trái chiều, | 282ms
2025-10-18 23:02:06,BNB,1092.790000,-1.50,-0.50,-0.50,⚠️ Cảnh báo sớm: có dấu hiệu đảo chiều,⚖️ Trung tính,⚖️ Trung tính,Tín hiệu trái chiều, | 284ms
2025-10-18 23:02:08,ADA,0.632400,-0.50,0.50,-0.50,⚖️ Trung tính,⚖️ Trung tính,⚖️ Trung tính,Tín hiệu trái chiều, | 283ms
2025-10-18 23:02:09,PEPE,0.000007,0.50,0.50,-0.50,⚖️ Trung tính,⚖️ Trung tính,⚖️ Trung tính,Tín hiệu trái chiều, | 282ms
2025-10-18 23:02:57,BTC,107009.470000,0.50,0.50,-0.50,⚖️ Trung tính,⚖️ Trung tính,⚖️ Trung tính,Tín hiệu trái chiều, | 283ms
2025-10-18 23:02:58,ETH,3881.080000,1.50,0.50,-0.50,⚠️ Cảnh báo sớm: có dấu hiệu đảo chiều,⚖️ Trung tính,⚖️ Trung tính,Tín hiệu trái chiều, | 285ms
2025-10-18 23:03:00,LTC,91.180000,1.50,0.50,-0.50,⚠️ Cảnh báo sớm: có dấu hiệu đảo chiều,⚖️ Trung tính,⚖️ Trung tính,Tín hiệu trái chiều, | 281ms
2025-10-18 23:03:02,LINEA,0.018000,-1.50,-1.50,-0.50,⚠️ Cảnh báo sớm: có dấu hiệu đảo chiều,⚠️ Cảnh báo sớm: có dấu hiệu đảo chiều,⚖️ Trung tính,Tín hiệu trái chiều, | 286ms
2025-10-18 23:03:04,SOL,185.280000,-0.50,0.50,-0.50,⚖️ Trung tính,⚖️ Trung tính,⚖️ Trung tính,Tín hiệu trái chiều, | 287ms
2025-10-18 23:03:06,BNB,1092.990000,-1.50,-0.50,-0.50,⚠️ Cảnh báo sớm: có dấu hiệu đảo chiều,⚖️ Trung tính,⚖️ Trung tính,Tín hiệu trái chiều, | 283ms
2025-10-18 23:03:08,ADA,0.632500,-0.50,0.50,-0.50,⚖️ Trung tính,⚖️ Trung tính,⚖️ Trung tính,Tín hiệu trái chiều, | 282ms
2025-10-18 23:03:10,PEPE,0.000007,0.50,0.50,-0.50,⚖️ Trung tính,⚖️ Trung tính,⚖️ Trung tính,Tín hiệu trái chiều, | 285ms
2025-10-18 23:03:57,BTC,107056.740000,0.50,0.50,-0.50,⚖️ Trung tính,⚖️ Trung tính,⚖️ Trung tính,Tín hiệu trái chiều, | 288ms
2025-10-18 23:03:59,ETH,3881.420000,1.50,0.50,-0.50,⚠️ Cảnh báo sớm: có dấu hiệu đảo chiều,⚖️ Trung tính,⚖️ Trung tính,Tín hiệu trái chiều, | 307ms
2025-10-18 23:04:01,LTC,91.330000,1.50,0.50,-0.50,⚠️ Cảnh báo sớm: có dấu hiệu đảo chiều,⚖️ Trung tính,⚖️ Trung tính,Tín hiệu trái chiều, | 285ms
2025-10-18 23:04:02,LINEA,0.018000,-1.50,-1.50,-0.50,⚠️ Cảnh báo sớm: có dấu hiệu đảo chiều,⚠️ Cảnh báo sớm: có dấu hiệu đảo chiều,⚖️ Trung tính,Tín hiệu trái chiều, | 281ms
2025-10-18 23:04:04,SOL,185.320000,-0.50,0.50,-0.50,⚖️ Trung tính,⚖️ Trung tính,⚖️ Trung tính,Tín hiệu trái chiều, | 283ms
2025-10-18 23:04:06,BNB,1092.960000,-1.50,-0.50,-0.50,⚠️ Cảnh báo sớm: có dấu hiệu đảo chiều,⚖️ Trung tính,⚖️ Trung tính,Tín hiệu trái chiều, | 284ms
2025-10-18 23:04:08,ADA,0.632100,-0.50,0.50,-0.50,⚖️ Trung tính,⚖️ Trung tính,⚖️ Trung tính,Tín hiệu trái chiều, | 280ms
2025-10-18 23:04:10,PEPE,0.000007,0.50,0.50,-0.50,⚖️ Trung tính,⚖️ Trung tính,⚖️ Trung tính,Tín hiệu trái chiều, | 284ms
2025-10-18 23:04:57,BTC,107018.930000,0.50,0.50,-0.50,⚖️ Trung tính,⚖️ Trung tính,⚖️ Trung tính,Tín hiệu trái chiều, | 280ms
2025-10-18 23:04:59,ETH,3879.780000,0.70,-0.30,-0.50,⚖️ Trung tính,⚖️ Trung tính,⚖️ Trung tính,Tín hiệu trái chiều, | 275ms
2025-10-18 23:05:01,LTC,91.210000,1.50,0.50,-0.50,⚠️ Cảnh báo sớm: có dấu hiệu đảo chiều,⚖️ Trung tính,⚖️ Trung tính,Tín hiệu trái chiều, | 787ms
2025-10-18 23:05:03,LINEA,0.018000,-1.50,-1.50,-0.50,⚠️ Cảnh báo sớm: có dấu hiệu đảo chiều,⚠️ Cảnh báo sớm: có dấu hiệu đảo chiều,⚖️ Trung tính,Tín hiệu trái chiều, | 300ms
2025-10-18 23:05:05,SOL,185.210000,-0.50,0.50,-0.50,⚖️ Trung tính,⚖️ Trung tính,⚖️ Trung tính,Tín hiệu trái chiều, | 278ms
2025-10-18 23:05:07,BNB,1092.880000,-1.50,-0.50,-0.50,⚠️ Cảnh báo sớm: có dấu hiệu đảo chiều,⚖️ Trung tính,⚖️ Trung tính,Tín hiệu trái chiều, | 285ms
2025-10-18 23:05:08,ADA,0.632300,-0.50,0.50,-0.50,⚖️ Trung tính,⚖️ Trung tính,⚖️ Trung tính,Tín hiệu trái chiều, | 283ms
2025-10-18 23:05:10,PEPE,0.000007,0.50,0.50,-0.50,⚖️ Trung tính,⚖️ Trung tính,⚖️ Trung tính,Tín hiệu trái chiều, | 280ms
2025-10-18 23:05:57,BTC,106973.260000,0.50,0.50,-0.50,⚖️ Trung tính,⚖️ Trung tính,⚖️ Trung tính,Tín hiệu trái chiều, | 282ms
2025-10-18 23:05:59,ETH,3877.000000,1.50,0.50,-0.50,⚠️ Cảnh báo sớm: có dấu hiệu đảo chiều,⚖️ Trung tính,⚖️ Trung tính,Tín hiệu trái chiều, | 284ms
2025-10-18 23:06:02,LTC,91.210000,1.50,0.50,-0.50,⚠️ Cảnh báo sớm: có dấu hiệu đảo chiều,⚖️ Trung tính,⚖️ Trung tính,Tín hiệu trái chiều, | 282ms
2025-10-18 23:06:03,LINEA,0.017990,-1.50,-1.50,-0.50,⚠️ Cảnh báo sớm: có dấu hiệu đảo chiều,⚠️ Cảnh báo sớm: có dấu hiệu đảo chiều,⚖️ Trung tính,Tín hiệu trái chiều, | 280ms
2025-10-18 23:06:05,SOL,185.040000,-0.50,0.50,-0.50,⚖️ Trung tính,⚖️ Trung tính,⚖️ Trung tính,Tín hiệu trái chiều, | 284ms
2025-10-18 23:06:07,BNB,1092.240000,-1.50,-0.50,-0.50,⚠️ Cảnh báo sớm: có dấu hiệu đảo chiều,⚖️ Trung tính,⚖️ Trung tính,Tín hiệu trái chiều, | 285ms
2025-10-18 23:06:09,ADA,0.631700,-0.50,-0.50,-0.50,⚖️ Trung tính,⚖️ Trung tính,⚖️ Trung tính,Tín hiệu trái chiều, | 271ms
2025-10-18 23:06:11,PEPE,0.000007,0.50,0.50,-0.50,⚖️ Trung tính,⚖️ Trung tính,⚖️ Trung tính,Tín hiệu trái chiều, | 289ms
2025-10-18 23:06:58,BTC,106959.680000,-0.50,0.50,-0.50,⚖️ Trung tính,⚖️ Trung tính,⚖️ Trung tính,Tín hiệu trái chiều, | 273ms
2025-10-18 23:07:00,ETH,3875.010000,1.50,0.50,-0.50,⚠️ Cảnh báo sớm: có dấu hiệu đảo chiều,⚖️ Trung tính,⚖️ Trung tính,Tín hiệu trái chiều, | 282ms
2025-10-18 23:07:02,LTC,91.120000,1.50,0.50,-0.50,⚠️ Cảnh báo sớm: có dấu hiệu đảo chiều,⚖️ Trung tính,⚖️ Trung tính,Tín hiệu trái chiều, | 277ms
2025-10-18 23:07:03,LINEA,0.017960,-1.50,-1.50,-0.50,⚠️ Cảnh báo sớm: có dấu hiệu đảo chiều,⚠️ Cảnh báo sớm: có dấu hiệu đảo chiều,⚖️ Trung tính,Tín hiệu trái chiều, | 274ms
2025-10-18 23:07:05,SOL,184.890000,-0.50,0.50,-0.50,⚖️ Trung tính,⚖️ Trung tính,⚖️ Trung tính,Tín hiệu trái chiều, | 270ms
2025-10-18 23:07:07,BNB,1091.280000,-1.50,-0.50,-0.50,⚠️ Cảnh báo sớm: có dấu hiệu đảo chiều,⚖️ Trung tính,⚖️ Trung tính,Tín hiệu trái chiều, | 275ms
2025-10-18 23:07:09,ADA,0.631000,-0.50,-0.50,-0.50,⚖️ Trung tính,⚖️ Trung tính,⚖️ Trung tính,Tín hiệu trái chiều, | 274ms
2025-10-18 23:07:11,PEPE,0.000007,-0.50,0.50,-0.50,⚖️ Trung tính,⚖️ Trung tính,⚖️ Trung tính,Tín hiệu trái chiều, | 410ms
2025-10-18 23:07:58,BTC,106915.110000,-0.50,0.50,-0.50,⚖️ Trung tính,⚖️ Trung tính,⚖️ Trung tính,Tín hiệu trái chiều, | 287ms
2025-10-18 23:08:00,ETH,3871.730000,-0.30,-0.30,-0.50,⚖️ Trung tính,⚖️ Trung tính,⚖️ Trung tính,Tín hiệu trái chiều, | 288ms
2025-10-18 23:08:02,LTC,90.960000,1.50,0.50,-0.50,⚠️ Cảnh báo sớm: có dấu hiệu đảo chiều,⚖️ Trung tính,⚖️ Trung tính,Tín hiệu trái chiều, | 282ms
2025-10-18 23:08:04,LINEA,0.017920,-1.50,-1.50,-0.50,⚠️ Cảnh báo sớm: có dấu hiệu đảo chiều,⚠️ Cảnh báo sớm: có dấu hiệu đảo chiều,⚖️ Trung tính,Tín hiệu trái chiều, | 283ms
2025-10-18 23:08:06,SOL,184.610000,-0.50,-0.50,-0.50,⚖️ Trung tính,⚖️ Trung tính,⚖️ Trung tính,Tín hiệu trái chiều, | 285ms
2025-10-18 23:08:08,BNB,1089.690000,-1.50,-0.50,-0.50,⚠️ Cảnh báo sớm: có dấu hiệu đảo chiều,⚖️ Trung tính,⚖️ Trung tính,Tín hiệu trái chiều, | 417ms
2025-10-18 23:08:09,ADA,0.630200,-0.50,-0.50,-0.50,⚖️ Trung tính,⚖️ Trung tính,⚖️ Trung tính,Tín hiệu trái chiều, | 283ms
2025-10-18 23:08:11,PEPE,0.000007,-0.50,-0.50,-0.50,⚖️ Trung tính,⚖️ Trung tính,⚖️ Trung tính,Tín hiệu trái chiều, | 282ms
2025-10-18 23:08:58,BTC,106918.460000,-0.50,0.50,-0.50,⚖️ Trung tính,⚖️ Trung tính,⚖️ Trung tính,Tín hiệu trái chiều, | 286ms
2025-10-18 23:09:00,ETH,3872.570000,-0.30,-0.30,-0.50,⚖️ Trung tính,⚖️ Trung tính,⚖️ Trung tính,Tín hiệu trái chiều, | 284ms
2025-10-18 23:09:07,BTC,106933.510000,-0.50,0.80,0.30,⚖️ Trung tính,⚖️ Trung tính,⚖️ Trung tính,Tín hiệu trái chiều, | 522ms
2025-10-18 23:09:09,ETH,3873.730000,1.50,-0.00,-0.50,⚠️ Cảnh báo sớm: có dấu hiệu đảo chiều,⚖️ Trung tính,⚖️ Trung tính,Tín hiệu trái chiều, | 402ms
2025-10-18 23:09:10,LTC,90.960000,1.50,0.80,-0.50,⚠️ Cảnh báo sớm: có dấu hiệu đảo chiều,⚖️ Trung tính,⚖️ Trung tính,Tín hiệu trái chiều, | 425ms
2025-10-18 23:09:12,LINEA,0.017940,-1.50,-1.20,-0.50,⚠️ Cảnh báo sớm: có dấu hiệu đảo chiều,⚠️ Cảnh báo sớm: có dấu hiệu đảo chiều,⚖️ Trung tính,Tín hiệu trái chiều, | 410ms
2025-10-18 23:09:14,SOL,184.600000,-0.50,-0.20,-0.50,⚖️ Trung tính,⚖️ Trung tính,⚖️ Trung tính,Tín hiệu trái chiều, | 407ms
2025-10-18 23:09:16,BNB,1089.890000,-1.50,-0.20,-0.50,⚠️ Cảnh báo sớm: có dấu hiệu đảo chiều,⚖️ Trung tính,⚖️ Trung tính,Tín hiệu trái chiều, | 436ms
2025-10-18 23:09:18,ADA,0.630100,-0.50,-0.20,-0.50,⚖️ Trung tính,⚖️ Trung tính,⚖️ Trung tính,Tín hiệu trái chiều, | 416ms
2025-10-18 23:09:20,PEPE,0.000007,-0.50,-0.20,-0.50,⚖️ Trung tính,⚖️ Trung tính,⚖️ Trung tính,Tín hiệu trái chiều, | 407ms
2025-10-18 23:10:08,BTC,106940.670000,-0.50,0.80,0.30,⚖️ Trung tính,⚖️ Trung tính,⚖️ Trung tính,Tín hiệu trái chiều, | 467ms
2025-10-18 23:10:09,ETH,3876.000000,1.50,0.80,-0.50,⚠️ Cảnh báo sớm: có dấu hiệu đảo chiều,⚖️ Trung tính,⚖️ Trung tính,Tín hiệu trái chiều, | 414ms
2025-10-18 23:10:11,LTC,91.000000,1.50,0.80,-0.50,⚠️ Cảnh báo sớm: có dấu hiệu đảo chiều,⚖️ Trung tính,⚖️ Trung tính,Tín hiệu trái chiều, | 415ms
2025-10-18 23:10:13,LINEA,0.017940,-1.50,-1.20,-0.50,⚠️ Cảnh báo sớm: có dấu hiệu đảo chiều,⚠️ Cảnh báo sớm: có dấu hiệu đảo chiều,⚖️ Trung tính,Tín hiệu trái chiều, | 407ms
2025-10-18 23:10:15,SOL,184.850000,-0.50,-0.20,-0.50,⚖️ Trung tính,⚖️ Trung tính,⚖️ Trung tính,Tín hiệu trái chiều, | 404ms
2025-10-18 23:10:17,BNB,1091.060000,-1.50,-0.20,-0.50,⚠️ Cảnh báo sớm: có dấu hiệu đảo chiều,⚖️ Trung tính,⚖️ Trung tính,Tín hiệu trái chiều, | 413ms
2025-10-18 23:10:18,ADA,0.630800,-0.50,-0.20,-0.50,⚖️ Trung tính,⚖️ Trung tính,⚖️ Trung tính,Tín hiệu trái chiều, | 413ms
2025-10-18 23:10:20,PEPE,0.000007,-0.50,0.80,-0.50,⚖️ Trung tính,⚖️ Trung tính,⚖️ Trung tính,Tín hiệu trái chiều, | 413ms
2025-10-18 23:11:09,BTC,106941.070000,-0.50,0.80,0.30,⚖️ Trung tính,⚖️ Trung tính,⚖️ Trung tính,Tín hiệu trái chiều, | 419ms
2025-10-18 23:11:09,ETH,3875.100000,1.50,0.80,-0.50,⚠️ Cảnh báo sớm: có dấu hiệu đảo chiều,⚖️ Trung tính,⚖️ Trung tính,Tín hiệu trái chiều, | 412ms
2025-10-18 23:11:11,LTC,90.970000,1.50,0.80,-0.50,⚠️ Cảnh báo sớm: có dấu hiệu đảo chiều,⚖️ Trung tính,⚖️ Trung tính,Tín hiệu trái chiều, | 402ms
2025-10-18 23:11:13,LINEA,0.017940,-1.50,-1.20,-0.50,⚠️ Cảnh báo sớm: có dấu hiệu đảo chiều,⚠️ Cảnh báo sớm: có dấu hiệu đảo chiều,⚖️ Trung tính,Tín hiệu trái chiều, | 414ms
2025-10-18 23:11:15,SOL,184.820000,-0.50,-0.20,-0.50,⚖️ Trung tính,⚖️ Trung tính,⚖️ Trung tính,Tín hiệu trái chiều, | 412ms
2025-10-18 23:11:17,BNB,1090.660000,-1.50,-0.20,-0.50,⚠️ Cảnh báo sớm: có dấu hiệu đảo chiều,⚖️ Trung tính,⚖️ Trung tính,Tín hiệu trái chiều, | 406ms
2025-10-18 23:11:19,ADA,0.630400,-0.50,-0.20,-0.50,⚖️ Trung tính,⚖️ Trung tính,⚖️ Trung tính,Tín hiệu trái chiều, | 412ms
2025-10-18 23:11:21,PEPE,0.000007,-0.50,-0.20,-0.50,⚖️ Trung tính,⚖️ Trung tính,⚖️ Trung tính,Tín hiệu trái chiều, | 410ms
2025-10-18 23:12:09,BTC,106911.710000,-0.50,0.80,-0.50,⚖️ Trung tính,⚖️ Trung tính,⚖️ Trung tính,Tín hiệu trái chiều, | 414ms
2025-10-18 23:12:10,ETH,3873.690000,1.50,-0.00,-0.50,⚠️ Cảnh báo sớm: có dấu hiệu đảo chiều,⚖️ Trung tính,⚖️ Trung tính,Tín hiệu trái chiều, | 402ms
2025-10-18 23:12:12,LTC,90.780000,0.50,0.80,-0.50,⚖️ Trung tính,⚖️ Trung tính,⚖️ Trung tính,Tín hiệu trái chiều, | 403ms
2025-10-18 23:12:14,LINEA,0.017930,-1.50,-1.20,-0.50,⚠️ Cảnh báo sớm: có dấu hiệu đảo chiều,⚠️ Cảnh báo sớm: có dấu hiệu đảo chiều,⚖️ Trung tính,Tín hiệu trái chiều, | 409ms
2025-10-18 23:12:15,SOL,184.710000,-0.50,-0.20,-0.50,⚖️ Trung tính,⚖️ Trung tính,⚖️ Trung tính,Tín hiệu trái chiều, | 431ms
2025-10-18 23:12:17,BNB,1089.600000,-1.50,-0.20,-0.50,⚠️ Cảnh báo sớm: có dấu hiệu đảo chiều,⚖️ Trung tính,⚖️ Trung tính,Tín hiệu trái chiều, | 436ms
2025-10-18 23:12:19,ADA,0.629700,-0.50,-0.20,-0.50,⚖️ Trung tính,⚖️ Trung tính,⚖️ Trung tính,Tín hiệu trái chiều, | 410ms
2025-10-18 23:12:21,PEPE,0.000007,-0.50,-0.20,-0.50,⚖️ Trung tính,⚖️ Trung tính,⚖️ Trung tính,Tín hiệu trái chiều, | 403ms
2025-10-18 23:13:10,BTC,106903.580000,-0.50,0.80,-0.50,⚖️ Trung tính,⚖️ Trung tính,⚖️ Trung tính,Tín hiệu trái chiều, | 435ms
2025-10-18 23:13:10,ETH,3873.670000,1.50,-0.00,-0.50,⚠️ Cảnh báo sớm: có dấu hiệu đảo chiều,⚖️ Trung tính,⚖️ Trung tính,Tín hiệu trái chiều, | 409ms
2025-10-18 23:13:12,LTC,90.740000,0.50,0.80,-0.50,⚖️ Trung tính,⚖️ Trung tính,⚖️ Trung tính,Tín hiệu trái chiều, | 407ms
2025-10-18 23:13:14,LINEA,0.017920,-1.50,-1.20,-0.50,⚠️ Cảnh báo sớm: có dấu hiệu đảo chiều,⚠️ Cảnh báo sớm: có dấu hiệu đảo chiều,⚖️ Trung tính,Tín hiệu trái chiều, | 432ms
2025-10-18 23:13:16,SOL,184.630000,-0.50,-0.20,-0.50,⚖️ Trung tính,⚖️ Trung tính,⚖️ Trung tính,Tín hiệu trái chiều, | 407ms
2025-10-18 23:13:18,BNB,1089.010000,-1.50,-0.20,-0.50,⚠️ Cảnh báo sớm: có dấu hiệu đảo chiều,⚖️ Trung tính,⚖️ Trung tính,Tín hiệu trái chiều, | 424ms
2025-10-18 23:13:20,ADA,0.629500,-0.50,-0.20,-0.50,⚖️ Trung tính,⚖️ Trung tính,⚖️ Trung tính,Tín hiệu trái chiều, | 412ms
2025-10-18 23:13:22,PEPE,0.000007,-0.50,-0.20,-0.50,⚖️ Trung tính,⚖️ Trung tính,⚖️ Trung tính,Tín hiệu trái chiều, | 416ms
2025-10-18 23:14:10,BTC,106919.410000,-0.50,0.80,-0.50,⚖️ Trung tính,⚖️ Trung tính,⚖️ Trung tính,Tín hiệu trái chiều, | 428ms
2025-10-18 23:14:11,ETH,3875.820000,1.50,0.80,-0.50,⚠️ Cảnh báo sớm: có dấu hiệu đảo chiều,⚖️ Trung tính,⚖️ Trung tính,Tín hiệu trái chiều, | 431ms
2025-10-18 23:14:13,LTC,90.860000,1.50,0.80,-0.50,⚠️ Cảnh báo sớm: có dấu hiệu đảo chiều,⚖️ Trung tính,⚖️ Trung tính,Tín hiệu trái chiều, | 393ms
2025-10-18 23:14:14,LINEA,0.017940,-1.50,-1.20,-0.50,⚠️ Cảnh báo sớm: có dấu hiệu đảo chiều,⚠️ Cảnh báo sớm: có dấu hiệu đảo chiều,⚖️ Trung tính,Tín hiệu trái chiều, | 428ms
2025-10-18 23:14:16,SOL,184.820000,-0.50,-0.20,-0.50,⚖️ Trung tính,⚖️ Trung tính,⚖️ Trung tính,Tín hiệu trái chiều, | 398ms
2025-10-18 23:14:18,BNB,1089.560000,-1.50,-0.20,-0.50,⚠️ Cảnh báo sớm: có dấu hiệu đảo chiều,⚖️ Trung tính,⚖️ Trung tính,Tín hiệu trái chiều, | 439ms
2025-10-18 23:14:20,ADA,0.630200,-0.50,-0.20,-0.50,⚖️ Trung tính,⚖️ Trung tính,⚖️ Trung tính,Tín hiệu trái chiều, | 419ms
2025-10-18 23:14:22,PEPE,0.000007,-0.50,0.80,-0.50,⚖️ Trung tính,⚖️ Trung tính,⚖️ Trung tính,Tín hiệu trái chiều, | 399ms
2025-10-18 23:15:10,BTC,106930.090000,-0.50,0.80,0.30,⚖️ Trung tính,⚖️ Trung tính,⚖️ Trung tính,Tín hiệu trái chiều, | 426ms
2025-10-18 23:15:11,ETH,3875.800000,1.50,0.80,-0.50,⚠️ Cảnh báo sớm: có dấu hiệu đảo chiều,⚖️ Trung tính,⚖️ Trung tính,Tín hiệu trái chiều, | 407ms
2025-10-18 23:15:13,LTC,90.860000,1.50,0.80,-0.50,⚠️ Cảnh báo sớm: có dấu hiệu đảo chiều,⚖️ Trung tính,⚖️ Trung tính,Tín hiệu trái chiều, | 409ms
2025-10-18 23:15:15,LINEA,0.017940,-1.50,-1.20,-0.50,⚠️ Cảnh báo sớm: có dấu hiệu đảo chiều,⚠️ Cảnh báo sớm: có dấu hiệu đảo chiều,⚖️ Trung tính,Tín hiệu trái chiều, | 411ms
2025-10-18 23:15:17,SOL,184.750000,-0.50,-0.20,-0.50,⚖️ Trung tính,⚖️ Trung tính,⚖️ Trung tính,Tín hiệu trái chiều, | 405ms
2025-10-18 23:15:19,BNB,1089.790000,-1.50,-0.20,-0.50,⚠️ Cảnh báo sớm: có dấu hiệu đảo chiều,⚖️ Trung tính,⚖️ Trung tính,Tín hiệu trái chiều, | 402ms
2025-10-18 23:15:20,ADA,0.630100,-0.50,-0.20,-0.50,⚖️ Trung tính,⚖️ Trung tính,⚖️ Trung tính,Tín hiệu trái chiều, | 397ms
2025-10-18 23:15:22,PEPE,0.000007,-0.50,-0.20,-0.50,⚖️ Trung tính,⚖️ Trung tính,⚖️ Trung tính,Tín hiệu trái chiều, | 410ms
2025-10-18 23:16:11,BTC,106933.760000,-0.50,0.80,0.30,⚖️ Trung tính,⚖️ Trung tính,⚖️ Trung tính,Tín hiệu trái chiều, | 410ms
2025-10-18 23:16:12,ETH,3876.660000,1.50,0.80,-0.50,⚠️ Cảnh báo sớm: có dấu hiệu đảo chiều,⚖️ Trung tính,⚖️ Trung tính,Tín hiệu trái chiều, | 406ms
2025-10-18 23:16:13,LTC,90.850000,1.50,0.80,-0.50,⚠️ Cảnh báo sớm: có dấu hiệu đảo chiều,⚖️ Trung tính,⚖️ Trung tính,Tín hiệu trái chiều, | 430ms
2025-10-18 23:16:15,LINEA,0.017940,-1.50,-1.20,-0.50,⚠️ Cảnh báo sớm: có dấu hiệu đảo chiều,⚠️ Cảnh báo sớm: có dấu hiệu đảo chiều,⚖️ Trung tính,Tín hiệu trái chiều, | 391ms
2025-10-18 23:16:17,SOL,184.710000,-0.50,-0.20,-0.50,⚖️ Trung tính,⚖️ Trung tính,⚖️ Trung tính,Tín hiệu trái chiều, | 407ms
2025-10-18 23:16:19,BNB,1089.130000,-1.50,-0.20,-0.50,⚠️ Cảnh báo sớm: có dấu hiệu đảo chiều,⚖️ Trung tính,⚖️ Trung tính,Tín hiệu trái chiều, | 405ms
2025-10-18 23:16:21,ADA,0.629500,-0.50,-0.20,-0.50,⚖️ Trung tính,⚖️ Trung tính,⚖️ Trung tính,Tín hiệu trái chiều, | 444ms
2025-10-18 23:16:23,PEPE,0.000007,-0.50,-0.20,-0.50,⚖️ Trung tính,⚖️ Trung tính,⚖️ Trung tính,Tín hiệu trái chiều, | 418ms
2025-10-18 23:17:11,BTC,106910.450000,-0.50,0.80,-0.50,⚖️ Trung tính,⚖️ Trung tính,⚖️ Trung tính,Tín hiệu trái chiều, | 410ms
2025-10-18 23:17:12,ETH,3875.990000,1.50,0.80,-0.50,⚠️ Cảnh báo sớm: có dấu hiệu đảo chiều,⚖️ Trung tính,⚖️ Trung tính,Tín hiệu trái chiều, | 404ms
2025-10-18 23:17:14,LTC,90.790000,0.50,0.80,-0.50,⚖️ Trung tính,⚖️ Trung tính,⚖️ Trung tính,Tín hiệu trái chiều, | 406ms
2025-10-18 23:17:16,LINEA,0.017920,-1.50,-1.20,-0.50,⚠️ Cảnh báo sớm: có dấu hiệu đảo chiều,⚠️ Cảnh báo sớm: có dấu hiệu đảo chiều,⚖️ Trung tính,Tín hiệu trái chiều, | 406ms
2025-10-18 23:17:18,SOL,184.650000,-0.50,-0.20,-0.50,⚖️ Trung tính,⚖️ Trung tính,⚖️ Trung tính,Tín hiệu trái chiều, | 404ms
2025-10-18 23:17:20,BNB,1088.610000,-1.50,-0.20,-0.50,⚠️ Cảnh báo sớm: có dấu hiệu đảo chiều,⚖️ Trung tính,⚖️ Trung tính,Tín hiệu trái chiều, | 411ms
2025-10-18 23:17:21,ADA,0.629400,-0.50,-0.20,-0.50,⚖️ Trung tính,⚖️ Trung tính,⚖️ Trung tính,Tín hiệu trái chiều, | 413ms
2025-10-18 23:17:23,PEPE,0.000007,-0.50,-0.20,-0.50,⚖️ Trung tính,⚖️ Trung tính,⚖️ Trung tính,Tín hiệu trái chiều, | 416ms
2025-10-18 23:18:12,BTC,106881.380000,-0.50,-0.20,-0.50,⚖️ Trung tính,⚖️ Trung tính,⚖️ Trung tính,Tín hiệu trái chiều, | 421ms
2025-10-18 23:18:12,ETH,3874.200000,1.50,0.80,-0.50,⚠️ Cảnh báo sớm: có dấu hiệu đảo chiều,⚖️ Trung tính,⚖️ Trung tính,Tín hiệu trái chiều, | 406ms
2025-10-18 23:18:14,LTC,90.760000,0.50,0.80,-0.50,⚖️ Trung tính,⚖️ Trung tính,⚖️ Trung tính,Tín hiệu trái chiều, | 406ms
2025-10-18 23:18:16,LINEA,0.017920,-1.50,-1.20,-0.50,⚠️ Cảnh báo sớm: có dấu hiệu đảo chiều,⚠️ Cảnh báo sớm: có dấu hiệu đảo chiều,⚖️ Trung tính,Tín hiệu trái chiều, | 407ms
2025-10-18 23:18:18,SOL,184.540000,-0.50,-0.20,-0.50,⚖️ Trung tính,⚖️ Trung tính,⚖️ Trung tính,Tín hiệu trái chiều, | 404ms
2025-10-18 23:18:20,BNB,1087.150000,-1.50,-0.20,-0.50,⚠️ Cảnh báo sớm: có dấu hiệu đảo chiều,⚖️ Trung tính,⚖️ Trung tính,Tín hiệu trái chiều, | 415ms
2025-10-18 23:18:22,ADA,0.628800,-0.50,-0.20,-0.50,⚖️ Trung tính,⚖️ Trung tính,⚖️ Trung tính,Tín hiệu trái chiều, | 411ms
2025-10-18 23:18:24,PEPE,0.000007,-0.50,-0.20,-0.50,⚖️ Trung tính,⚖️ Trung tính,⚖️ Trung tính,Tín hiệu trái chiều, | 409ms
2025-10-18 23:19:12,BTC,106840.530000,-0.50,-0.20,-0.50,⚖️ Trung tính,⚖️ Trung tính,⚖️ Trung tính,Tín hiệu trái chiều, | 411ms
2025-10-18 23:19:13,ETH,3872.240000,0.50,-0.00,-0.50,⚖️ Trung tính,⚖️ Trung tính,⚖️ Trung tính,Tín hiệu trái chiều, | 410ms
2025-10-18 23:19:15,LTC,90.740000,0.50,0.80,-0.50,⚖️ Trung tính,⚖️ Trung tính,⚖️ Trung tính,Tín hiệu trái chiều, | 407ms
2025-10-18 23:19:17,LINEA,0.017910,-1.50,-1.20,-0.50,⚠️ Cảnh báo sớm: có dấu hiệu đảo chiều,⚠️ Cảnh báo sớm: có dấu hiệu đảo chiều,⚖️ Trung tính,Tín hiệu trái chiều, | 405ms
2025-10-18 23:19:18,SOL,184.460000,-0.50,-0.20,-0.50,⚖️ Trung tính,⚖️ Trung tính,⚖️ Trung tính,Tín hiệu trái chiều, | 399ms
2025-10-18 23:19:20,BNB,1085.700000,-1.50,-0.20,-0.50,⚠️ Cảnh báo sớm: có dấu hiệu đảo chiều,⚖️ Trung tính,⚖️ Trung tính,Tín hiệu trái chiều, | 405ms
2025-10-18 23:19:22,ADA,0.628600,-0.50,-0.20,-0.50,⚖️ Trung tính,⚖️ Trung tính,⚖️ Trung tính,Tín hiệu trái chiều, | 407ms
2025-10-18 23:19:24,PEPE,0.000007,-0.50,-0.20,-0.50,⚖️ Trung tính,⚖️ Trung tính,⚖️ Trung tính,Tín hiệu trái chiều, | 401ms
2025-10-18 23:20:13,BTC,106848.070000,-0.50,-0.20,-0.50,⚖️ Trung tính,⚖️ Trung tính,⚖️ Trung tính,Tín hiệu trái chiều, | 410ms
2025-10-18 23:20:13,ETH,3871.940000,0.50,-0.00,-0.50,⚖️ Trung tính,⚖️ Trung tính,⚖️ Trung tính,Tín hiệu trái chiều, | 413ms
2025-10-18 23:20:15,LTC,90.780000,0.50,0.80,-0.50,⚖️ Trung tính,⚖️ Trung tính,⚖️ Trung tính,Tín hiệu trái chiều, | 406ms
2025-10-18 23:20:17,LINEA,0.017920,-1.50,-1.20,-0.50,⚠️ Cảnh báo sớm: có dấu hiệu đảo chiều,⚠️ Cảnh báo sớm: có dấu hiệu đảo chiều,⚖️ Trung tính,Tín hiệu trái chiều, | 406ms
2025-10-18 23:20:19,SOL,184.700000,-0.50,-0.20,-0.50,⚖️ Trung tính,⚖️ Trung tính,⚖️ Trung tính,Tín hiệu trái chiều, | 415ms
2025-10-18 23:20:21,BNB,1088.080000,-1.50,-0.20,-0.50,⚠️ Cảnh báo sớm: có dấu hiệu đảo chiều,⚖️ Trung tính,⚖️ Trung tính,Tín hiệu trái chiều, | 564ms
2025-10-18 23:20:23,ADA,0.629400,-0.50,-0.20,-0.50,⚖️ Trung tính,⚖️ Trung tính,⚖️ Trung tính,Tín hiệu trái chiều, | 415ms
2025-10-18 23:20:24,PEPE,0.000007,-0.50,-0.20,-0.50,⚖️ Trung tính,⚖️ Trung tính,⚖️ Trung tính,Tín hiệu trái chiều, | 407ms
2025-10-18 23:21:13,BTC,106881.140000,0.30,-0.20,-0.50,⚖️ Trung tính,⚖️ Trung tính,⚖️ Trung tính,Tín hiệu trái chiều, | 398ms
2025-10-18 23:21:14,ETH,3872.720000,0.50,-0.00,-0.50,⚖️ Trung tính,⚖️ Trung tính,⚖️ Trung tính,Tín hiệu trái chiều, | 424ms
2025-10-18 23:21:15,LTC,90.820000,0.50,0.80,-0.50,⚖️ Trung tính,⚖️ Trung tính,⚖️ Trung tính,Tín hiệu trái chiều, | 410ms
2025-10-18 23:21:17,LINEA,0.017930,-0.70,-1.20,-0.50,⚖️ Trung tính,⚠️ Cảnh báo sớm: có dấu hiệu đảo chiều,⚖️ Trung tính,Tín hiệu trái chiều, | 397ms
2025-10-18 23:21:19,SOL,184.830000,-0.50,-0.20,-0.50,⚖️ Trung tính,⚖️ Trung tính,⚖️ Trung tính,Tín hiệu trái chiều, | 404ms
2025-10-18 23:21:21,BNB,1088.530000,-1.50,-0.20,0.30,⚠️ Cảnh báo sớm: có dấu hiệu đảo chiều,⚖️ Trung tính,⚖️ Trung tính,Tín hiệu trái chiều, | 407ms
2025-10-18 23:21:23,ADA,0.629800,-0.50,-0.20,-0.50,⚖️ Trung tính,⚖️ Trung tính,⚖️ Trung tính,Tín hiệu trái chiều, | 402ms
2025-10-18 23:21:25,PEPE,0.000007,-0.50,-0.20,-0.50,⚖️ Trung tính,⚖️ Trung tính,⚖️ Trung tính,Tín hiệu trái chiều, | 417ms
